{
    "$schema": "https://schema.management.azure.com/schemas/2015-01-01/deploymentTemplate.json#",
        "contentVersion": "1.0.0.0",
        "parameters": {
            "userName": {
                "type": "string",
                "metadata": {
                    "description": "Username for the Virtual Machine."
                }
            },
            "pwd": {
                "type": "securestring",
                "metadata": {
                    "description": "Password for the Virtual Machine."
                }
            },
            "vmName": {
                "type": "string",
                "metadata": {
                    "description": "Virtual Machine name."
                }
            },
            "dnsName": {
                "type": "string",
                "metadata": {
                    "description": "Unique DNS Name for the Public IP used to access the Virtual Machine."
                }
            },
            "publicIPAddressName": {
                "type": "string",
                "metadata": {
                    "description": "Name of the public IP address for the Virtual Machine."
                }
            },
            "vmSize": {
                "type": "string",
                "defaultValue": "Standard_D2s_v3",
                "allowedValues": [
                  "Standard_D2s_v3",
                  "Standard_D4s_v3",
                  "Standard_D8s_v3"
                ],
                "metadata": {
                  "description": "Size of the VM"
                }
            },
            "location": {
                "type": "string",
                "defaultValue": "[resourceGroup().location]",
                "allowedValues": [
                    "westus",
                    "centralus"
                ],
                "metadata": {
                    "description": "Location for all resources."
                }
            }
        },
        "variables": {
            "storageAccountName": "[concat(uniquestring(resourceGroup().id), 'azrst')]",
            "nicName": "AzrVMNic1",
            "addressPrefix": "10.0.0.0/16",
            "subnetName": "Subnet1",
            "subnetPrefix": "10.0.0.0/24",
            "virtualNetworkName": "AZR-vNet",
            "networkSecurityGroupName": "AZR-NSG1",
            "nsgId": "[resourceId(resourceGroup().name, 'Microsoft.Network/networkSecurityGroups', variables('networkSecurityGroupName'))]",
            "subnetRef": "[resourceId('Microsoft.Network/virtualNetworks/subnets', variables('virtualNetworkName'), variables('subnetName'))]"
        },
        "resources": [
            {
                "type": "Microsoft.Storage/storageAccounts",
                "name": "[variables('storageAccountName')]",
                "apiVersion": "2019-04-01",
                "location": "[parameters('location')]",
                "sku": {
                    "name": "Standard_LRS"
                },
                "kind": "StorageV2",
                "properties": {}
            },
            {
                "apiVersion": "2016-03-30",
                "type": "Microsoft.Network/publicIPAddresses",
                "name": "[parameters('publicIPAddressName')]",
                "location": "[parameters('location')]",
                "properties": {
                    "publicIPAllocationMethod": "Dynamic",
                    "dnsSettings": {
                        "domainNameLabel": "[parameters('dnsName')]"
                    }
                }
            },
            {
                "apiVersion": "2016-03-30",
                "type": "Microsoft.Network/virtualNetworks",
                "name": "[variables('virtualNetworkName')]",
                "location": "[parameters('location')]",
                "properties": {
                    "addressSpace": {
                        "addressPrefixes": [
                            "[variables('addressPrefix')]"
                        ]
                    },
                    "subnets": [
                        {
                            "name": "[variables('subnetName')]",
                            "properties": {
                                "addressPrefix": "[variables('subnetPrefix')]"
                            }
                        }
                    ]
                }
            },
            {
                "apiVersion": "2016-03-30",
                "type": "Microsoft.Network/networkInterfaces",
                "name": "[variables('nicName')]",
                "location": "[parameters('location')]",
                "dependsOn": [
                    "[resourceId('Microsoft.Network/networkSecurityGroups/', variables('networkSecurityGroupName'))]",
                    "[resourceId('Microsoft.Network/publicIPAddresses/', parameters('publicIPAddressName'))]",
                    "[resourceId('Microsoft.Network/virtualNetworks/', variables('virtualNetworkName'))]"
                ],
                "properties": {
                    "ipConfigurations": [
                        {
                            "name": "ipconfig1",
                            "properties": {
                                "privateIPAllocationMethod": "Dynamic",
                                "publicIPAddress": {
                                    "id": "[resourceId('Microsoft.Network/publicIPAddresses',parameters('publicIPAddressName'))]"
                                },
                                "subnet": {
                                    "id": "[variables('subnetRef')]"
                                }
                            }
                        }
                    ],
                    "networkSecurityGroup": {
                        "id": "[variables('nsgId')]"
                    }
                }
            },
            {
                "name": "[variables('networkSecurityGroupName')]",
                "type": "Microsoft.Network/networkSecurityGroups",
                "apiVersion": "2018-08-01",
                "location": "[resourceGroup().location]",
                "properties": {
                    "securityRules": [
                        {
                            "name": "default-allow-ssh",
                            "properties": {
                                "description": "description",
                                "protocol": "Tcp",
                                "sourcePortRange": "*",
                                "destinationPortRange": "22",
                                "sourceAddressPrefix": "*",
                                "destinationAddressPrefix": "*",
                                "access": "Allow",
                                "priority": 1000,
                                "direction": "Inbound"
                            }
                        }
                    ]
                }
            },
            {
                "apiVersion": "2017-03-30",
                "type": "Microsoft.Compute/virtualMachines",
                "name": "[parameters('vmName')]",
                "location": "[parameters('location')]",
                "dependsOn": [
                    "[resourceId('Microsoft.Storage/storageAccounts/', variables('storageAccountName'))]",
                    "[resourceId('Microsoft.Network/networkInterfaces/', variables('nicName'))]"
                ],
                "properties": {
                    "hardwareProfile": {
                        "vmSize": "[parameters('vmSize')]"
                    },
                    "osProfile": {
                        "computerName": "[parameters('vmName')]",
                        "adminUsername": "[parameters('userName')]",
                        "adminPassword": "[parameters('pwd')]"
                    },
                    "storageProfile": {
                        "imageReference": {
                            "publisher": "Canonical",
                            "offer": "UbuntuServer",
                            "sku": "18.04-LTS",
                            "version": "latest"
                        },
                        "osDisk": {
                            "createOption": "FromImage"
                        }
                    },
                    "networkProfile": {
                        "networkInterfaces": [
                            {
                                "id": "[resourceId('Microsoft.Network/networkInterfaces',variables('nicName'))]"
                            }
                        ]
                    },
                    "diagnosticsProfile": {
                        "bootDiagnostics": {
                            "enabled": true,
                            "storageUri": "[reference(resourceId('Microsoft.Storage/storageAccounts/', variables('storageAccountName'))).primaryEndpoints.blob]"
                        }
                    }
                }
            }
        ],
        "outputs": {
            "hostname": {
                "type": "string",
                "value": "[reference(parameters('publicIPAddressName')).dnsSettings.fqdn]"
            }
        }
    }